{"cameraMode":{"drawMode":0,"name":"Shaded","section":"Shading Mode"},"sceneLighting":true,"audioPlay":false,"sceneViewState":{"showFog":true,"showMaterialUpdate":false,"showSkybox":true,"showFlares":true,"showImageEffects":true,"showParticleSystems":true},"in2DMode":false,"pivot":{"x":-0.06130312383174896,"y":0.5113562345504761,"z":-3.012030601501465},"rotation":{"x":-0.059113599359989169,"y":0.04451057314872742,"z":-0.0026193929370492698,"w":-0.9972550272941589},"size":3.8334529399871828,"orthographic":false}